Id;Name;Duration;CalcPrio;LastRun;LastResults;Verdict;Cycle
1;1;2.317;0;2020-01-13 00:00:11;[];0;1
400;400;2.533;0;2020-01-13 00:00:11;[];0;1
401;401;4.367;0;2020-01-13 00:00:11;[];0;1
402;402;1.1;0;2020-01-13 00:00:11;[];0;1
403;403;0.5;0;2020-01-13 00:00:11;[];0;1
404;404;0.117;0;2020-01-13 00:00:11;[];0;1
405;405;3.683;0;2020-01-13 00:00:11;[];0;1
399;399;4.517;0;2020-01-13 00:00:11;[];0;1
406;406;7.933;0;2020-01-13 00:00:11;[];0;1
408;408;1439.333;0;2020-01-13 00:00:11;[];0;1
409;409;3.033;0;2020-01-13 00:00:11;[];0;1
410;410;1438.4;0;2020-01-13 00:00:11;[];0;1
411;411;1439.333;0;2020-01-13 00:00:11;[];0;1
412;412;1.367;0;2020-01-13 00:00:11;[];0;1
413;413;1.783;0;2020-01-13 00:00:11;[];0;1
407;407;3.517;0;2020-01-13 00:00:11;[];0;1
398;398;3.2;0;2020-01-13 00:00:11;[];0;1
397;397;3.983;0;2020-01-13 00:00:11;[];0;1
396;396;0.183;0;2020-01-13 00:00:11;[];0;1
381;381;4.917;0;2020-01-13 00:00:11;[];0;1
382;382;12.517;0;2020-01-13 00:00:11;[];0;1
383;383;1438.0;0;2020-01-13 00:00:11;[];0;1
384;384;1438.0;0;2020-01-13 00:00:11;[];0;1
385;385;1438.0;0;2020-01-13 00:00:11;[];0;1
386;386;2.417;0;2020-01-13 00:00:11;[];0;1
387;387;5.4;0;2020-01-13 00:00:11;[];0;1
388;388;5.517;0;2020-01-13 00:00:11;[];0;1
389;389;4.517;0;2020-01-13 00:00:11;[];0;1
390;390;3.417;0;2020-01-13 00:00:11;[];0;1
391;391;3.783;0;2020-01-13 00:00:11;[];0;1
392;392;1.183;0;2020-01-13 00:00:11;[];0;1
393;393;4.867;0;2020-01-13 00:00:11;[];0;1
394;394;1.467;0;2020-01-13 00:00:11;[];0;1
395;395;1.733;0;2020-01-13 00:00:11;[];0;1
414;414;0.833;0;2020-01-13 00:00:11;[];0;1
415;415;2.4;0;2020-01-13 00:00:11;[];0;1
416;416;3.417;0;2020-01-13 00:00:11;[];0;1
417;417;1439.383;0;2020-01-13 00:00:11;[];0;1
437;437;1439.517;0;2020-01-13 00:00:11;[];0;1
438;438;1439.067;0;2020-01-13 00:00:11;[];0;1
439;439;1439.567;0;2020-01-13 00:00:11;[];0;1
440;440;0.367;0;2020-01-13 00:00:11;[];0;1
441;441;1.983;0;2020-01-13 00:00:11;[];0;1
442;442;1439.5;0;2020-01-13 00:00:11;[];0;1
443;443;1439.817;0;2020-01-13 00:00:11;[];0;1
444;444;1439.383;0;2020-01-13 00:00:11;[];0;1
445;445;1439.183;0;2020-01-13 00:00:11;[];0;1
446;446;1439.75;0;2020-01-13 00:00:11;[];0;1
447;447;1439.3;0;2020-01-13 00:00:11;[];0;1
448;448;1439.4;0;2020-01-13 00:00:11;[];0;1
449;449;1439.267;0;2020-01-13 00:00:11;[];0;1
450;450;2.567;0;2020-01-13 00:00:11;[];0;1
451;451;1.633;0;2020-01-13 00:00:11;[];0;1
436;436;1439.5;0;2020-01-13 00:00:11;[];0;1
380;380;1439.783;0;2020-01-13 00:00:11;[];0;1
435;435;1439.617;0;2020-01-13 00:00:11;[];0;1
433;433;0.183;0;2020-01-13 00:00:11;[];0;1
418;418;1439.967;0;2020-01-13 00:00:11;[];0;1
419;419;1439.817;0;2020-01-13 00:00:11;[];0;1
420;420;0.417;0;2020-01-13 00:00:11;[];0;1
421;421;1439.733;0;2020-01-13 00:00:11;[];0;1
422;422;1439.8;0;2020-01-13 00:00:11;[];0;1
423;423;1439.617;0;2020-01-13 00:00:11;[];0;1
424;424;1439.583;0;2020-01-13 00:00:11;[];0;1
425;425;1439.317;0;2020-01-13 00:00:11;[];0;1
426;426;1439.533;0;2020-01-13 00:00:11;[];0;1
427;427;0.067;0;2020-01-13 00:00:11;[];0;1
428;428;1439.883;0;2020-01-13 00:00:11;[];0;1
429;429;2.617;0;2020-01-13 00:00:11;[];0;1
430;430;2.667;0;2020-01-13 00:00:11;[];0;1
431;431;0.417;0;2020-01-13 00:00:11;[];0;1
432;432;1.183;0;2020-01-13 00:00:11;[];0;1
434;434;1439.767;0;2020-01-13 00:00:11;[];0;1
379;379;1.85;0;2020-01-13 00:00:11;[];0;1
378;378;1438.917;0;2020-01-13 00:00:11;[];0;1
377;377;1.55;0;2020-01-13 00:00:11;[];0;1
324;324;0.717;0;2020-01-13 00:00:11;[];0;1
325;325;0.85;0;2020-01-13 00:00:11;[];0;1
326;326;13.833;0;2020-01-13 00:00:11;[];0;1
327;327;9.167;0;2020-01-13 00:00:11;[];0;1
328;328;0.717;0;2020-01-13 00:00:11;[];0;1
329;329;1438.0;0;2020-01-13 00:00:11;[];0;1
330;330;6.25;0;2020-01-13 00:00:11;[];0;1
331;331;1.167;0;2020-01-13 00:00:11;[];0;1
332;332;0.033;0;2020-01-13 00:00:11;[];0;1
333;333;2.617;0;2020-01-13 00:00:11;[];0;1
334;334;0.6;0;2020-01-13 00:00:11;[];0;1
335;335;2.483;0;2020-01-13 00:00:11;[];0;1
336;336;2.3;0;2020-01-13 00:00:11;[];0;1
337;337;9.267;0;2020-01-13 00:00:11;[];0;1
338;338;1439.05;0;2020-01-13 00:00:11;[];0;1
323;323;1.733;0;2020-01-13 00:00:11;[];0;1
339;339;0.333;0;2020-01-13 00:00:11;[];0;1
322;322;11.217;0;2020-01-13 00:00:11;[];0;1
320;320;1.283;0;2020-01-13 00:00:11;[];0;1
305;305;0.1;0;2020-01-13 00:00:11;[];0;1
306;306;0.367;0;2020-01-13 00:00:11;[];0;1
307;307;0.567;0;2020-01-13 00:00:11;[];0;1
308;308;2.217;0;2020-01-13 00:00:11;[];0;1
309;309;1439.8;0;2020-01-13 00:00:11;[];0;1
310;310;2.183;0;2020-01-13 00:00:11;[];0;1
311;311;1439.75;0;2020-01-13 00:00:11;[];0;1
312;312;0.2;0;2020-01-13 00:00:11;[];0;1
313;313;3.083;0;2020-01-13 00:00:11;[];0;1
314;314;1439.9;0;2020-01-13 00:00:11;[];0;1
315;315;0.967;0;2020-01-13 00:00:11;[];0;1
316;316;2.317;0;2020-01-13 00:00:11;[];0;1
317;317;1.867;0;2020-01-13 00:00:11;[];0;1
318;318;2.817;0;2020-01-13 00:00:11;[];0;1
319;319;1.683;0;2020-01-13 00:00:11;[];0;1
321;321;5.75;0;2020-01-13 00:00:11;[];0;1
452;452;1439.95;0;2020-01-13 00:00:11;[];0;1
340;340;1.0;0;2020-01-13 00:00:11;[];0;1
342;342;1.117;0;2020-01-13 00:00:11;[];0;1
362;362;0.383;0;2020-01-13 00:00:11;[];0;1
363;363;4.417;0;2020-01-13 00:00:11;[];0;1
364;364;1.383;0;2020-01-13 00:00:11;[];0;1
365;365;4.15;0;2020-01-13 00:00:11;[];0;1
366;366;3.783;0;2020-01-13 00:00:11;[];0;1
367;367;3.6;0;2020-01-13 00:00:11;[];0;1
368;368;12.983;0;2020-01-13 00:00:11;[];0;1
369;369;12.967;0;2020-01-13 00:00:11;[];0;1
370;370;1438.0;0;2020-01-13 00:00:11;[];0;1
371;371;15.5;0;2020-01-13 00:00:11;[];0;1
372;372;3.433;0;2020-01-13 00:00:11;[];0;1
373;373;5.033;0;2020-01-13 00:00:11;[];0;1
374;374;3.65;0;2020-01-13 00:00:11;[];0;1
375;375;5.783;0;2020-01-13 00:00:11;[];0;1
376;376;10.333;0;2020-01-13 00:00:11;[];0;1
361;361;4.933;0;2020-01-13 00:00:11;[];0;1
341;341;1.333;0;2020-01-13 00:00:11;[];0;1
360;360;1439.4;0;2020-01-13 00:00:11;[];0;1
358;358;1439.167;0;2020-01-13 00:00:11;[];0;1
343;343;1439.683;0;2020-01-13 00:00:11;[];0;1
344;344;1.833;0;2020-01-13 00:00:11;[];0;1
345;345;3.017;0;2020-01-13 00:00:11;[];0;1
346;346;1.517;0;2020-01-13 00:00:11;[];0;1
347;347;1.017;0;2020-01-13 00:00:11;[];0;1
348;348;2.917;0;2020-01-13 00:00:11;[];0;1
349;349;0.75;0;2020-01-13 00:00:11;[];0;1
350;350;5.1;0;2020-01-13 00:00:11;[];0;1
351;351;1438.0;0;2020-01-13 00:00:11;[];0;1
352;352;0.883;0;2020-01-13 00:00:11;[];0;1
353;353;0.55;0;2020-01-13 00:00:11;[];0;1
354;354;3.8;0;2020-01-13 00:00:11;[];0;1
355;355;8.333;0;2020-01-13 00:00:11;[];0;1
356;356;0.883;0;2020-01-13 00:00:11;[];0;1
357;357;1439.65;0;2020-01-13 00:00:11;[];0;1
359;359;2.233;0;2020-01-13 00:00:11;[];0;1
454;454;2.55;0;2020-01-13 00:00:11;[];0;1
455;455;0.817;0;2020-01-13 00:00:11;[];0;1
456;456;6.517;0;2020-01-13 00:00:11;[];0;1
552;552;0.267;0;2020-01-13 00:00:11;[];0;1
553;553;1439.567;0;2020-01-13 00:00:11;[];0;1
554;554;0.15;0;2020-01-13 00:00:11;[];0;1
555;555;0.933;0;2020-01-13 00:00:11;[];0;1
556;556;6.533;0;2020-01-13 00:00:11;[];0;1
557;557;0.233;0;2020-01-13 00:00:11;[];0;1
558;558;8.017;0;2020-01-13 00:00:11;[];0;1
559;559;1439.467;0;2020-01-13 00:00:11;[];0;1
560;560;1439.217;0;2020-01-13 00:00:11;[];0;1
561;561;2.15;0;2020-01-13 00:00:11;[];0;1
562;562;5.2;0;2020-01-13 00:00:11;[];0;1
563;563;1439.533;0;2020-01-13 00:00:11;[];0;1
564;564;1439.917;0;2020-01-13 00:00:11;[];0;1
565;565;1.317;0;2020-01-13 00:00:11;[];0;1
566;566;0.2;0;2020-01-13 00:00:11;[];0;1
551;551;1439.5;0;2020-01-13 00:00:11;[];0;1
567;567;0.533;0;2020-01-13 00:00:11;[];0;1
550;550;0.033;0;2020-01-13 00:00:11;[];0;1
548;548;1439.967;0;2020-01-13 00:00:11;[];0;1
533;533;1438.0;0;2020-01-13 00:00:11;[];0;1
534;534;1438.0;0;2020-01-13 00:00:11;[];0;1
535;535;1438.1;0;2020-01-13 00:00:11;[];0;1
536;536;1438.0;0;2020-01-13 00:00:11;[];0;1
537;537;1438.0;0;2020-01-13 00:00:11;[];0;1
538;538;1.233;0;2020-01-13 00:00:11;[];0;1
539;539;0.517;0;2020-01-13 00:00:11;[];0;1
540;540;0.4;0;2020-01-13 00:00:11;[];0;1
541;541;0.367;0;2020-01-13 00:00:11;[];0;1
542;542;1439.917;0;2020-01-13 00:00:11;[];0;1
543;543;0.05;0;2020-01-13 00:00:11;[];0;1
544;544;1.983;0;2020-01-13 00:00:11;[];0;1
545;545;1439.633;0;2020-01-13 00:00:11;[];0;1
546;546;1439.533;0;2020-01-13 00:00:11;[];0;1
547;547;1439.3;0;2020-01-13 00:00:11;[];0;1
549;549;1439.533;0;2020-01-13 00:00:11;[];0;1
532;532;11.567;0;2020-01-13 00:00:11;[];0;1
568;568;6.15;0;2020-01-13 00:00:11;[];0;1
570;570;0.233;0;2020-01-13 00:00:11;[];0;1
590;590;9.567;0;2020-01-13 00:00:11;[];0;1
591;591;30.883;0;2020-01-13 00:00:11;[];0;1
592;592;1439.983;0;2020-01-13 00:00:11;[];0;1
593;593;0.067;0;2020-01-13 00:00:11;[];0;1
594;594;1439.7;0;2020-01-13 00:00:11;[];0;1
595;595;1438.2;0;2020-01-13 00:00:11;[];0;1
596;596;1438.2;0;2020-01-13 00:00:11;[];0;1
597;597;1438.717;0;2020-01-13 00:00:11;[];0;1
598;598;1439.65;0;2020-01-13 00:00:11;[];0;1
599;599;4.8;0;2020-01-13 00:00:11;[];0;1
600;600;1.75;0;2020-01-13 00:00:11;[];0;1
601;601;1.5;0;2020-01-13 00:00:11;[];0;1
602;602;6.967;0;2020-01-13 00:00:11;[];0;1
603;603;5.95;0;2020-01-13 00:00:11;[];0;1
604;604;1.017;0;2020-01-13 00:00:11;[];0;1
589;589;3.3;0;2020-01-13 00:00:11;[];0;1
569;569;1439.95;0;2020-01-13 00:00:11;[];0;1
588;588;5.017;0;2020-01-13 00:00:11;[];0;1
586;586;0.967;0;2020-01-13 00:00:11;[];0;1
571;571;1.483;0;2020-01-13 00:00:11;[];0;1
572;572;3.5;0;2020-01-13 00:00:11;[];0;1
573;573;0.533;0;2020-01-13 00:00:11;[];0;1
574;574;5.9;0;2020-01-13 00:00:11;[];0;1
575;575;0.05;0;2020-01-13 00:00:11;[];0;1
576;576;1.783;0;2020-01-13 00:00:11;[];0;1
577;577;0.833;0;2020-01-13 00:00:11;[];0;1
578;578;3.7;0;2020-01-13 00:00:11;[];0;1
579;579;3.2;0;2020-01-13 00:00:11;[];0;1
580;580;15.267;0;2020-01-13 00:00:11;[];0;1
581;581;4.283;0;2020-01-13 00:00:11;[];0;1
582;582;2.083;0;2020-01-13 00:00:11;[];0;1
583;583;1.65;0;2020-01-13 00:00:11;[];0;1
584;584;2.667;0;2020-01-13 00:00:11;[];0;1
585;585;3.35;0;2020-01-13 00:00:11;[];0;1
587;587;2.283;0;2020-01-13 00:00:11;[];0;1
304;304;1438.9;0;2020-01-13 00:00:11;[];0;1
531;531;2.25;0;2020-01-13 00:00:11;[];0;1
529;529;5.167;0;2020-01-13 00:00:11;[];0;1
476;476;1439.9;0;2020-01-13 00:00:11;[];0;1
477;477;1439.017;0;2020-01-13 00:00:11;[];0;1
478;478;1439.267;0;2020-01-13 00:00:11;[];0;1
479;479;1439.017;0;2020-01-13 00:00:11;[];0;1
480;480;1438.917;0;2020-01-13 00:00:11;[];0;1
481;481;1439.533;0;2020-01-13 00:00:11;[];0;1
482;482;1439.25;0;2020-01-13 00:00:11;[];0;1
483;483;1439.883;0;2020-01-13 00:00:11;[];0;1
484;484;0.15;0;2020-01-13 00:00:11;[];0;1
485;485;1.083;0;2020-01-13 00:00:11;[];0;1
486;486;9.267;0;2020-01-13 00:00:11;[];0;1
487;487;2.883;0;2020-01-13 00:00:11;[];0;1
488;488;0.783;0;2020-01-13 00:00:11;[];0;1
489;489;0.3;0;2020-01-13 00:00:11;[];0;1
490;490;0.35;0;2020-01-13 00:00:11;[];0;1
475;475;1439.833;0;2020-01-13 00:00:11;[];0;1
491;491;1439.9;0;2020-01-13 00:00:11;[];0;1
474;474;1439.267;0;2020-01-13 00:00:11;[];0;1
472;472;1438.883;0;2020-01-13 00:00:11;[];0;1
457;457;1.883;0;2020-01-13 00:00:11;[];0;1
458;458;1439.917;0;2020-01-13 00:00:11;[];0;1
459;459;1439.367;0;2020-01-13 00:00:11;[];0;1
460;460;0.167;0;2020-01-13 00:00:11;[];0;1
461;461;1439.3;0;2020-01-13 00:00:11;[];0;1
462;462;1439.7;0;2020-01-13 00:00:11;[];0;1
463;463;0.583;0;2020-01-13 00:00:11;[];0;1
464;464;2.067;0;2020-01-13 00:00:11;[];0;1
465;465;6.95;0;2020-01-13 00:00:11;[];0;1
466;466;0.633;0;2020-01-13 00:00:11;[];0;1
467;467;1439.65;0;2020-01-13 00:00:11;[];0;1
468;468;1439.15;0;2020-01-13 00:00:11;[];0;1
469;469;1439.883;0;2020-01-13 00:00:11;[];0;1
470;470;1439.533;0;2020-01-13 00:00:11;[];0;1
471;471;1439.65;0;2020-01-13 00:00:11;[];0;1
473;473;1439.567;0;2020-01-13 00:00:11;[];0;1
530;530;12.817;0;2020-01-13 00:00:11;[];0;1
492;492;1439.367;0;2020-01-13 00:00:11;[];0;1
494;494;0.883;0;2020-01-13 00:00:11;[];0;1
514;514;19.0;0;2020-01-13 00:00:11;[];0;1
515;515;3.117;0;2020-01-13 00:00:11;[];0;1
516;516;3.0;0;2020-01-13 00:00:11;[];0;1
517;517;28.45;0;2020-01-13 00:00:11;[];0;1
518;518;10.65;0;2020-01-13 00:00:11;[];0;1
519;519;25.917;0;2020-01-13 00:00:11;[];0;1
520;520;49.733;0;2020-01-13 00:00:11;[];0;1
521;521;1439.95;0;2020-01-13 00:00:11;[];0;1
522;522;1439.35;0;2020-01-13 00:00:11;[];0;1
523;523;4.333;0;2020-01-13 00:00:11;[];0;1
524;524;1438.0;0;2020-01-13 00:00:11;[];0;1
525;525;1.533;0;2020-01-13 00:00:11;[];0;1
526;526;1438.0;0;2020-01-13 00:00:11;[];0;1
527;527;1439.517;0;2020-01-13 00:00:11;[];0;1
528;528;12.933;0;2020-01-13 00:00:11;[];0;1
513;513;22.067;0;2020-01-13 00:00:11;[];0;1
493;493;6.3;0;2020-01-13 00:00:11;[];0;1
512;512;30.033;0;2020-01-13 00:00:11;[];0;1
510;510;18.95;0;2020-01-13 00:00:11;[];0;1
495;495;1439.367;0;2020-01-13 00:00:11;[];0;1
496;496;18.817;0;2020-01-13 00:00:11;[];0;1
497;497;1439.417;0;2020-01-13 00:00:11;[];0;1
498;498;1439.05;0;2020-01-13 00:00:11;[];0;1
499;499;15.15;0;2020-01-13 00:00:11;[];0;1
500;500;6.517;0;2020-01-13 00:00:11;[];0;1
501;501;6.183;0;2020-01-13 00:00:11;[];0;1
502;502;4.633;0;2020-01-13 00:00:11;[];0;1
503;503;7.883;0;2020-01-13 00:00:11;[];0;1
504;504;2.483;0;2020-01-13 00:00:11;[];0;1
505;505;21.117;0;2020-01-13 00:00:11;[];0;1
506;506;0.6;0;2020-01-13 00:00:11;[];0;1
507;507;0.867;0;2020-01-13 00:00:11;[];0;1
508;508;0.8;0;2020-01-13 00:00:11;[];0;1
509;509;1.183;0;2020-01-13 00:00:11;[];0;1
511;511;25.383;0;2020-01-13 00:00:11;[];0;1
303;303;3.267;0;2020-01-13 00:00:11;[];0;1
453;453;0.667;0;2020-01-13 00:00:11;[];0;1
301;301;0.95;0;2020-01-13 00:00:11;[];0;1
97;97;0.367;0;2020-01-13 00:00:11;[];0;1
98;98;2.767;0;2020-01-13 00:00:11;[];0;1
99;99;1439.75;0;2020-01-13 00:00:11;[];1;1
100;100;1.733;0;2020-01-13 00:00:11;[];1;1
101;101;1439.15;0;2020-01-13 00:00:11;[];0;1
102;102;1439.8;0;2020-01-13 00:00:11;[];0;1
103;103;0.067;0;2020-01-13 00:00:11;[];1;1
104;104;2.833;0;2020-01-13 00:00:11;[];1;1
105;105;1439.667;0;2020-01-13 00:00:11;[];0;1
106;106;1.1;0;2020-01-13 00:00:11;[];1;1
107;107;1439.167;0;2020-01-13 00:00:11;[];1;1
108;108;0.383;0;2020-01-13 00:00:11;[];1;1
109;109;1438.533;0;2020-01-13 00:00:11;[];0;1
110;110;0.417;0;2020-01-13 00:00:11;[];0;1
111;111;1438.933;0;2020-01-13 00:00:11;[];1;1
96;96;0.867;0;2020-01-13 00:00:11;[];1;1
112;112;1439.483;0;2020-01-13 00:00:11;[];0;1
95;95;1439.45;0;2020-01-13 00:00:11;[];1;1
93;93;1439.133;0;2020-01-13 00:00:11;[];1;1
78;78;1439.15;0;2020-01-13 00:00:11;[];1;1
79;79;1439.417;0;2020-01-13 00:00:11;[];1;1
80;80;1439.333;0;2020-01-13 00:00:11;[];1;1
81;81;0.55;0;2020-01-13 00:00:11;[];1;1
82;82;0.167;0;2020-01-13 00:00:11;[];1;1
83;83;2.95;0;2020-01-13 00:00:11;[];1;1
84;84;25.0;0;2020-01-13 00:00:11;[];1;1
85;85;0.15;0;2020-01-13 00:00:11;[];1;1
86;86;0.017;0;2020-01-13 00:00:11;[];1;1
87;87;0.217;0;2020-01-13 00:00:11;[];0;1
88;88;1439.667;0;2020-01-13 00:00:11;[];1;1
89;89;1439.75;0;2020-01-13 00:00:11;[];1;1
90;90;1438.583;0;2020-01-13 00:00:11;[];1;1
91;91;1438.833;0;2020-01-13 00:00:11;[];1;1
92;92;1439.133;0;2020-01-13 00:00:11;[];1;1
94;94;1439.85;0;2020-01-13 00:00:11;[];1;1
77;77;1438.8;0;2020-01-13 00:00:11;[];1;1
113;113;1439.567;0;2020-01-13 00:00:11;[];0;1
115;115;0.433;0;2020-01-13 00:00:11;[];0;1
135;135;0.983;0;2020-01-13 00:00:11;[];1;1
136;136;0.733;0;2020-01-13 00:00:11;[];1;1
137;137;16.283;0;2020-01-13 00:00:11;[];0;1
138;138;10.367;0;2020-01-13 00:00:11;[];0;1
139;139;2.283;0;2020-01-13 00:00:11;[];0;1
140;140;0.8;0;2020-01-13 00:00:11;[];1;1
141;141;0.117;0;2020-01-13 00:00:11;[];1;1
142;142;3.033;0;2020-01-13 00:00:11;[];1;1
143;143;1439.717;0;2020-01-13 00:00:11;[];0;1
144;144;6.2;0;2020-01-13 00:00:11;[];1;1
145;145;7.267;0;2020-01-13 00:00:11;[];1;1
146;146;1.7;0;2020-01-13 00:00:11;[];1;1
147;147;0.883;0;2020-01-13 00:00:11;[];1;1
148;148;0.133;0;2020-01-13 00:00:11;[];1;1
149;149;0.467;0;2020-01-13 00:00:11;[];1;1
134;134;22.883;0;2020-01-13 00:00:11;[];1;1
114;114;0.567;0;2020-01-13 00:00:11;[];0;1
133;133;2.867;0;2020-01-13 00:00:11;[];1;1
131;131;0.617;0;2020-01-13 00:00:11;[];1;1
116;116;2.1;0;2020-01-13 00:00:11;[];0;1
117;117;1.25;0;2020-01-13 00:00:11;[];0;1
118;118;2.483;0;2020-01-13 00:00:11;[];1;1
119;119;1.633;0;2020-01-13 00:00:11;[];1;1
120;120;2.35;0;2020-01-13 00:00:11;[];1;1
121;121;1.683;0;2020-01-13 00:00:11;[];1;1
122;122;1438.917;0;2020-01-13 00:00:11;[];0;1
123;123;1439.817;0;2020-01-13 00:00:11;[];0;1
124;124;0.55;0;2020-01-13 00:00:11;[];0;1
125;125;1.3;0;2020-01-13 00:00:11;[];0;1
126;126;1439.867;0;2020-01-13 00:00:11;[];0;1
127;127;1.25;0;2020-01-13 00:00:11;[];0;1
128;128;0.583;0;2020-01-13 00:00:11;[];0;1
129;129;4.983;0;2020-01-13 00:00:11;[];0;1
130;130;1.167;0;2020-01-13 00:00:11;[];1;1
132;132;31.267;0;2020-01-13 00:00:11;[];1;1
150;150;0.733;0;2020-01-13 00:00:11;[];1;1
76;76;0.65;0;2020-01-13 00:00:11;[];0;1
74;74;3.0;0;2020-01-13 00:00:11;[];0;1
21;21;1438.867;0;2020-01-13 00:00:11;[];0;1
22;22;1438.883;0;2020-01-13 00:00:11;[];0;1
23;23;1439.083;0;2020-01-13 00:00:11;[];0;1
24;24;0.083;0;2020-01-13 00:00:11;[];0;1
25;25;2.133;0;2020-01-13 00:00:11;[];0;1
26;26;1.417;0;2020-01-13 00:00:11;[];0;1
27;27;0.783;0;2020-01-13 00:00:11;[];0;1
28;28;1439.867;0;2020-01-13 00:00:11;[];0;1
29;29;0.1;0;2020-01-13 00:00:11;[];0;1
30;30;1.35;0;2020-01-13 00:00:11;[];0;1
31;31;0.267;0;2020-01-13 00:00:11;[];0;1
32;32;1439.483;0;2020-01-13 00:00:11;[];0;1
33;33;3.083;0;2020-01-13 00:00:11;[];0;1
34;34;3.9;0;2020-01-13 00:00:11;[];0;1
35;35;5.333;0;2020-01-13 00:00:11;[];0;1
20;20;0.817;0;2020-01-13 00:00:11;[];0;1
36;36;0.383;0;2020-01-13 00:00:11;[];0;1
19;19;4.767;0;2020-01-13 00:00:11;[];0;1
17;17;1439.583;0;2020-01-13 00:00:11;[];0;1
302;302;6.183;0;2020-01-13 00:00:11;[];0;1
3;3;2.367;0;2020-01-13 00:00:11;[];0;1
4;4;0.35;0;2020-01-13 00:00:11;[];0;1
5;5;0.383;0;2020-01-13 00:00:11;[];0;1
6;6;0.033;0;2020-01-13 00:00:11;[];0;1
7;7;1.683;0;2020-01-13 00:00:11;[];0;1
8;8;1.95;0;2020-01-13 00:00:11;[];0;1
9;9;1439.567;0;2020-01-13 00:00:11;[];0;1
10;10;1438.983;0;2020-01-13 00:00:11;[];0;1
11;11;1439.15;0;2020-01-13 00:00:11;[];0;1
12;12;1439.15;0;2020-01-13 00:00:11;[];0;1
13;13;1438.9;0;2020-01-13 00:00:11;[];0;1
14;14;2.283;0;2020-01-13 00:00:11;[];0;1
15;15;1439.433;0;2020-01-13 00:00:11;[];0;1
16;16;2.817;0;2020-01-13 00:00:11;[];0;1
18;18;4.4;0;2020-01-13 00:00:11;[];0;1
75;75;3.1;0;2020-01-13 00:00:11;[];0;1
37;37;31.75;0;2020-01-13 00:00:11;[];1;1
39;39;2.383;0;2020-01-13 00:00:11;[];0;1
59;59;1438.883;0;2020-01-13 00:00:11;[];0;1
60;60;1439.567;0;2020-01-13 00:00:11;[];0;1
61;61;0.05;0;2020-01-13 00:00:11;[];1;1
62;62;2.9;0;2020-01-13 00:00:11;[];0;1
63;63;0.067;0;2020-01-13 00:00:11;[];0;1
64;64;20.9;0;2020-01-13 00:00:11;[];0;1
65;65;11.283;0;2020-01-13 00:00:11;[];0;1
66;66;11.133;0;2020-01-13 00:00:11;[];0;1
67;67;9.2;0;2020-01-13 00:00:11;[];0;1
68;68;1439.733;0;2020-01-13 00:00:11;[];1;1
69;69;1439.533;0;2020-01-13 00:00:11;[];0;1
70;70;1439.85;0;2020-01-13 00:00:11;[];1;1
71;71;11.85;0;2020-01-13 00:00:11;[];0;1
72;72;0.8;0;2020-01-13 00:00:11;[];1;1
73;73;0.433;0;2020-01-13 00:00:11;[];0;1
58;58;1439.533;0;2020-01-13 00:00:11;[];0;1
38;38;2.633;0;2020-01-13 00:00:11;[];1;1
57;57;2.617;0;2020-01-13 00:00:11;[];0;1
55;55;0.05;0;2020-01-13 00:00:11;[];0;1
40;40;10.217;0;2020-01-13 00:00:11;[];0;1
41;41;4.25;0;2020-01-13 00:00:11;[];0;1
42;42;4.45;0;2020-01-13 00:00:11;[];0;1
43;43;1439.0;0;2020-01-13 00:00:11;[];0;1
44;44;1.317;0;2020-01-13 00:00:11;[];0;1
45;45;0.933;0;2020-01-13 00:00:11;[];0;1
46;46;1.6;0;2020-01-13 00:00:11;[];0;1
47;47;1439.117;0;2020-01-13 00:00:11;[];1;1
48;48;0.6;0;2020-01-13 00:00:11;[];1;1
49;49;3.5;0;2020-01-13 00:00:11;[];1;1
50;50;2.967;0;2020-01-13 00:00:11;[];1;1
51;51;1438.867;0;2020-01-13 00:00:11;[];0;1
52;52;1.617;0;2020-01-13 00:00:11;[];1;1
53;53;0.05;0;2020-01-13 00:00:11;[];1;1
54;54;1439.45;0;2020-01-13 00:00:11;[];0;1
56;56;1438.983;0;2020-01-13 00:00:11;[];0;1
151;151;1439.467;0;2020-01-13 00:00:11;[];1;1
2;2;1439.1;0;2020-01-13 00:00:11;[];0;1
263;263;0.05;0;2020-01-13 00:00:11;[];0;1
249;249;1439.733;0;2020-01-13 00:00:11;[];1;1
250;250;1439.3;0;2020-01-13 00:00:11;[];1;1
251;251;2.25;0;2020-01-13 00:00:11;[];1;1
252;252;1439.75;0;2020-01-13 00:00:11;[];1;1
253;253;1438.8;0;2020-01-13 00:00:11;[];1;1
254;254;1439.067;0;2020-01-13 00:00:11;[];1;1
248;248;1.5;0;2020-01-13 00:00:11;[];0;1
255;255;1439.217;0;2020-01-13 00:00:11;[];1;1
257;257;0.883;0;2020-01-13 00:00:11;[];1;1
258;258;1.017;0;2020-01-13 00:00:11;[];1;1
259;259;0.817;0;2020-01-13 00:00:11;[];1;1
260;260;1.9;0;2020-01-13 00:00:11;[];1;1
261;261;2.233;0;2020-01-13 00:00:11;[];1;1
262;262;1439.983;0;2020-01-13 00:00:11;[];1;1
256;256;1.983;0;2020-01-13 00:00:11;[];1;1
247;247;1439.633;0;2020-01-13 00:00:11;[];1;1
246;246;1439.283;0;2020-01-13 00:00:11;[];1;1
245;245;1.567;0;2020-01-13 00:00:11;[];1;1
229;229;0.533;0;2020-01-13 00:00:11;[];1;1
230;230;0.583;0;2020-01-13 00:00:11;[];1;1
231;231;0.8;0;2020-01-13 00:00:11;[];1;1
232;232;1.333;0;2020-01-13 00:00:11;[];1;1
233;233;0.033;0;2020-01-13 00:00:11;[];1;1
234;234;1439.517;0;2020-01-13 00:00:11;[];1;1
235;235;1439.5;0;2020-01-13 00:00:11;[];1;1
236;236;0.8;0;2020-01-13 00:00:11;[];1;1
237;237;0.633;0;2020-01-13 00:00:11;[];1;1
238;238;0.233;0;2020-01-13 00:00:11;[];0;1
239;239;0.75;0;2020-01-13 00:00:11;[];1;1
240;240;5.0;0;2020-01-13 00:00:11;[];1;1
241;241;5.017;0;2020-01-13 00:00:11;[];1;1
242;242;1.2;0;2020-01-13 00:00:11;[];1;1
243;243;1439.317;0;2020-01-13 00:00:11;[];0;1
152;152;1.3;0;2020-01-13 00:00:11;[];1;1
264;264;0.817;0;2020-01-13 00:00:11;[];0;1
265;265;0.7;0;2020-01-13 00:00:11;[];0;1
266;266;1439.633;0;2020-01-13 00:00:11;[];0;1
286;286;0.033;0;2020-01-13 00:00:11;[];0;1
287;287;1.583;0;2020-01-13 00:00:11;[];0;1
288;288;1439.467;0;2020-01-13 00:00:11;[];0;1
289;289;16.45;0;2020-01-13 00:00:11;[];0;1
290;290;4.417;0;2020-01-13 00:00:11;[];0;1
291;291;8.25;0;2020-01-13 00:00:11;[];0;1
292;292;1439.367;0;2020-01-13 00:00:11;[];0;1
293;293;1439.767;0;2020-01-13 00:00:11;[];0;1
294;294;1439.867;0;2020-01-13 00:00:11;[];0;1
295;295;1439.117;0;2020-01-13 00:00:11;[];0;1
296;296;0.317;0;2020-01-13 00:00:11;[];0;1
297;297;1439.717;0;2020-01-13 00:00:11;[];0;1
298;298;13.517;0;2020-01-13 00:00:11;[];0;1
299;299;6.833;0;2020-01-13 00:00:11;[];0;1
300;300;0.05;0;2020-01-13 00:00:11;[];0;1
285;285;1.35;0;2020-01-13 00:00:11;[];0;1
228;228;1.267;0;2020-01-13 00:00:11;[];1;1
284;284;1438.0;0;2020-01-13 00:00:11;[];0;1
282;282;0.85;0;2020-01-13 00:00:11;[];0;1
267;267;0.1;0;2020-01-13 00:00:11;[];0;1
268;268;1439.983;0;2020-01-13 00:00:11;[];1;1
269;269;2.967;0;2020-01-13 00:00:11;[];0;1
270;270;1438.0;0;2020-01-13 00:00:11;[];0;1
271;271;1.9;0;2020-01-13 00:00:11;[];0;1
272;272;1439.45;0;2020-01-13 00:00:11;[];0;1
273;273;0.217;0;2020-01-13 00:00:11;[];1;1
274;274;2.933;0;2020-01-13 00:00:11;[];1;1
275;275;1439.667;0;2020-01-13 00:00:11;[];1;1
276;276;1439.683;0;2020-01-13 00:00:11;[];1;1
277;277;3.1;0;2020-01-13 00:00:11;[];1;1
278;278;1.317;0;2020-01-13 00:00:11;[];1;1
279;279;4.133;0;2020-01-13 00:00:11;[];0;1
280;280;1439.417;0;2020-01-13 00:00:11;[];0;1
281;281;1.117;0;2020-01-13 00:00:11;[];0;1
283;283;1.9;0;2020-01-13 00:00:11;[];0;1
227;227;0.617;0;2020-01-13 00:00:11;[];1;1
244;244;1439.65;0;2020-01-13 00:00:11;[];1;1
225;225;0.717;0;2020-01-13 00:00:11;[];1;1
226;226;5.25;0;2020-01-13 00:00:11;[];1;1
173;173;0.0;0;2020-01-13 00:00:11;[];0;1
174;174;1439.967;0;2020-01-13 00:00:11;[];0;1
175;175;0.35;0;2020-01-13 00:00:11;[];0;1
176;176;0.717;0;2020-01-13 00:00:11;[];0;1
177;177;1.317;0;2020-01-13 00:00:11;[];1;1
178;178;10.65;0;2020-01-13 00:00:11;[];0;1
179;179;0.083;0;2020-01-13 00:00:11;[];0;1
180;180;1439.967;0;2020-01-13 00:00:11;[];0;1
181;181;0.633;0;2020-01-13 00:00:11;[];0;1
182;182;1.233;0;2020-01-13 00:00:11;[];0;1
183;183;0.033;0;2020-01-13 00:00:11;[];0;1
184;184;0.133;0;2020-01-13 00:00:11;[];0;1
185;185;0.0;0;2020-01-13 00:00:11;[];0;1
186;186;1439.933;0;2020-01-13 00:00:11;[];0;1
171;171;1439.467;0;2020-01-13 00:00:11;[];0;1
187;187;0.333;0;2020-01-13 00:00:11;[];0;1
170;170;1439.733;0;2020-01-13 00:00:11;[];0;1
168;168;1438.967;0;2020-01-13 00:00:11;[];0;1
153;153;0.967;0;2020-01-13 00:00:11;[];1;1
154;154;1.6;0;2020-01-13 00:00:11;[];1;1
155;155;0.467;0;2020-01-13 00:00:11;[];0;1
156;156;2.133;0;2020-01-13 00:00:11;[];1;1
157;157;1439.483;0;2020-01-13 00:00:11;[];1;1
158;158;0.5;0;2020-01-13 00:00:11;[];0;1
159;159;0.467;0;2020-01-13 00:00:11;[];0;1
160;160;1439.083;0;2020-01-13 00:00:11;[];1;1
161;161;0.467;0;2020-01-13 00:00:11;[];0;1
162;162;0.033;0;2020-01-13 00:00:11;[];1;1
163;163;1439.3;0;2020-01-13 00:00:11;[];0;1
164;164;9.317;0;2020-01-13 00:00:11;[];0;1
165;165;1439.483;0;2020-01-13 00:00:11;[];0;1
166;166;0.233;0;2020-01-13 00:00:11;[];0;1
167;167;0.183;0;2020-01-13 00:00:11;[];1;1
169;169;3.35;0;2020-01-13 00:00:11;[];0;1
188;188;0.533;0;2020-01-13 00:00:11;[];0;1
172;172;1.1;0;2020-01-13 00:00:11;[];1;1
190;190;1439.0;0;2020-01-13 00:00:11;[];1;1
210;210;4.017;0;2020-01-13 00:00:11;[];1;1
211;211;1.717;0;2020-01-13 00:00:11;[];0;1
212;212;1439.517;0;2020-01-13 00:00:11;[];0;1
213;213;0.15;0;2020-01-13 00:00:11;[];0;1
214;214;0.567;0;2020-01-13 00:00:11;[];0;1
215;215;0.867;0;2020-01-13 00:00:11;[];0;1
216;216;1439.917;0;2020-01-13 00:00:11;[];0;1
217;217;1439.817;0;2020-01-13 00:00:11;[];0;1
218;218;1438.85;0;2020-01-13 00:00:11;[];0;1
219;219;1.4;0;2020-01-13 00:00:11;[];1;1
220;220;2.367;0;2020-01-13 00:00:11;[];1;1
221;221;0.167;0;2020-01-13 00:00:11;[];1;1
222;222;0.733;0;2020-01-13 00:00:11;[];1;1
223;223;0.683;0;2020-01-13 00:00:11;[];1;1
189;189;0.867;0;2020-01-13 00:00:11;[];0;1
209;209;1.617;0;2020-01-13 00:00:11;[];1;1
208;208;1.067;0;2020-01-13 00:00:11;[];1;1
224;224;0.7;0;2020-01-13 00:00:11;[];1;1
191;191;0.567;0;2020-01-13 00:00:11;[];0;1
207;207;0.35;0;2020-01-13 00:00:11;[];0;1
192;192;1.35;0;2020-01-13 00:00:11;[];0;1
193;193;4.883;0;2020-01-13 00:00:11;[];0;1
194;194;0.4;0;2020-01-13 00:00:11;[];1;1
195;195;0.483;0;2020-01-13 00:00:11;[];0;1
197;197;1438.717;0;2020-01-13 00:00:11;[];0;1
198;198;1438.0;0;2020-01-13 00:00:11;[];0;1
196;196;1438.85;0;2020-01-13 00:00:11;[];0;1
200;200;1439.1;0;2020-01-13 00:00:11;[];1;1
201;201;1.267;0;2020-01-13 00:00:11;[];1;1
202;202;1439.4;0;2020-01-13 00:00:11;[];0;1
203;203;1439.617;0;2020-01-13 00:00:11;[];1;1
204;204;4.85;0;2020-01-13 00:00:11;[];1;1
205;205;2.15;0;2020-01-13 00:00:11;[];0;1
206;206;3.8;0;2020-01-13 00:00:11;[];1;1
199;199;0.417;0;2020-01-13 00:00:11;[];0;1
1009;405;3.683;0;2020-01-13 04:48:35;[0];0;2
1004;400;2.533;0;2020-01-13 04:48:35;[0];0;2
1005;401;4.367;0;2020-01-13 04:48:35;[0];0;2
1006;402;1.1;0;2020-01-13 04:48:35;[0];0;2
1007;403;0.5;0;2020-01-13 04:48:35;[0];0;2
1008;404;0.117;0;2020-01-13 04:48:35;[0];0;2
1010;406;7.933;0;2020-01-13 04:48:35;[0];0;2
1018;414;0.833;0;2020-01-13 04:48:35;[0];0;2
1012;408;1439.333;0;2020-01-13 04:48:35;[0];0;2
1013;409;3.033;0;2020-01-13 04:48:35;[0];0;2
1014;410;1438.4;0;2020-01-13 04:48:35;[0];0;2
1015;411;1439.333;0;2020-01-13 04:48:35;[0];0;2
1016;412;1.367;0;2020-01-13 04:48:35;[0];0;2
1017;413;1.783;0;2020-01-13 04:48:35;[0];0;2
1003;399;4.517;0;2020-01-13 04:48:35;[0];0;2
1011;407;3.517;0;2020-01-13 04:48:35;[0];0;2
1002;398;3.2;0;2020-01-13 04:48:35;[0];0;2
993;389;4.517;0;2020-01-13 04:48:35;[0];0;2
1000;396;0.183;0;2020-01-13 04:48:35;[0];0;2
984;380;1439.783;0;2020-01-13 04:48:35;[0];0;2
985;381;4.917;0;2020-01-13 04:48:35;[0];0;2
986;382;12.517;0;2020-01-13 04:48:35;[0];0;2
987;383;1438.0;0;2020-01-13 04:48:35;[0];0;2
988;384;1438.0;0;2020-01-13 04:48:35;[0];0;2
989;385;1438.0;0;2020-01-13 04:48:35;[0];0;2
990;386;2.417;0;2020-01-13 04:48:35;[0];0;2
991;387;5.4;0;2020-01-13 04:48:35;[0];0;2
992;388;5.517;0;2020-01-13 04:48:35;[0];0;2
994;390;3.417;0;2020-01-13 04:48:35;[0];0;2
995;391;3.783;0;2020-01-13 04:48:35;[0];0;2
996;392;1.183;0;2020-01-13 04:48:35;[0];0;2
997;393;4.867;0;2020-01-13 04:48:35;[0];0;2
998;394;1.467;0;2020-01-13 04:48:35;[0];0;2
999;395;1.733;0;2020-01-13 04:48:35;[0];0;2
1001;397;3.983;0;2020-01-13 04:48:35;[0];0;2
1019;415;2.4;0;2020-01-13 04:48:35;[0];0;2
908;304;1438.9;0;2020-01-13 04:48:35;[0];0;2
1021;417;1439.383;0;2020-01-13 04:48:35;[0];0;2
1041;437;1439.517;0;2020-01-13 04:48:35;[0];0;2
1042;438;1439.067;0;2020-01-13 04:48:35;[0];0;2
1043;439;1439.567;0;2020-01-13 04:48:35;[0];0;2
1044;440;0.367;0;2020-01-13 04:48:35;[0];0;2
1045;441;1.983;0;2020-01-13 04:48:35;[0];0;2
1046;442;1439.5;0;2020-01-13 04:48:35;[0];0;2
1047;443;1439.817;0;2020-01-13 04:48:35;[0];0;2
1048;444;1439.383;0;2020-01-13 04:48:35;[0];0;2
1049;445;1439.183;0;2020-01-13 04:48:35;[0];0;2
1050;446;1439.75;0;2020-01-13 04:48:35;[0];0;2
1051;447;1439.3;0;2020-01-13 04:48:35;[0];0;2
1052;448;1439.4;0;2020-01-13 04:48:35;[0];0;2
1053;449;1439.267;0;2020-01-13 04:48:35;[0];0;2
1054;450;2.567;0;2020-01-13 04:48:35;[0];0;2
1055;451;1.633;0;2020-01-13 04:48:35;[0];0;2
1040;436;1439.5;0;2020-01-13 04:48:35;[0];0;2
1020;416;3.417;0;2020-01-13 04:48:35;[0];0;2
1039;435;1439.617;0;2020-01-13 04:48:35;[0];0;2
1037;433;0.183;0;2020-01-13 04:48:35;[0];0;2
1022;418;1439.967;0;2020-01-13 04:48:35;[0];0;2
1023;419;1439.817;0;2020-01-13 04:48:35;[0];0;2
1024;420;0.417;0;2020-01-13 04:48:35;[0];0;2
1025;421;1439.733;0;2020-01-13 04:48:35;[0];0;2
1026;422;1439.8;0;2020-01-13 04:48:35;[0];0;2
1027;423;1439.617;0;2020-01-13 04:48:35;[0];0;2
1028;424;1439.583;0;2020-01-13 04:48:35;[0];0;2
1029;425;1439.317;0;2020-01-13 04:48:35;[0];0;2
1030;426;1439.533;0;2020-01-13 04:48:35;[0];0;2
1031;427;0.067;0;2020-01-13 04:48:35;[0];0;2
1032;428;1439.883;0;2020-01-13 04:48:35;[0];0;2
1033;429;2.617;0;2020-01-13 04:48:35;[0];0;2
1034;430;2.667;0;2020-01-13 04:48:35;[0];0;2
1035;431;0.417;0;2020-01-13 04:48:35;[0];0;2
1036;432;1.183;0;2020-01-13 04:48:35;[0];0;2
1038;434;1439.767;0;2020-01-13 04:48:35;[0];0;2
983;379;1.85;0;2020-01-13 04:48:35;[0];0;2
909;305;0.1;0;2020-01-13 04:48:35;[0];0;2
981;377;1.55;0;2020-01-13 04:48:35;[0];0;2
928;324;0.717;0;2020-01-13 04:48:35;[0];0;2
929;325;0.85;0;2020-01-13 04:48:35;[0];0;2
930;326;13.833;0;2020-01-13 04:48:35;[0];0;2
931;327;9.167;0;2020-01-13 04:48:35;[0];0;2
932;328;0.717;0;2020-01-13 04:48:35;[0];0;2
933;329;1438.0;0;2020-01-13 04:48:35;[0];0;2
934;330;6.25;0;2020-01-13 04:48:35;[0];0;2
935;331;1.167;0;2020-01-13 04:48:35;[0];0;2
936;332;0.033;0;2020-01-13 04:48:35;[0];0;2
937;333;2.617;0;2020-01-13 04:48:35;[0];0;2
938;334;0.6;0;2020-01-13 04:48:35;[0];0;2
939;335;2.483;0;2020-01-13 04:48:35;[0];0;2
940;336;2.3;0;2020-01-13 04:48:35;[0];0;2
941;337;9.267;0;2020-01-13 04:48:35;[0];0;2
942;338;1439.05;0;2020-01-13 04:48:35;[0];0;2
927;323;1.733;0;2020-01-13 04:48:35;[0];0;2
943;339;0.333;0;2020-01-13 04:48:35;[0];0;2
926;322;11.217;0;2020-01-13 04:48:35;[0];0;2
924;320;1.283;0;2020-01-13 04:48:35;[0];0;2
1056;452;1439.95;0;2020-01-13 04:48:35;[0];0;2
910;306;0.367;0;2020-01-13 04:48:35;[0];0;2
911;307;0.567;0;2020-01-13 04:48:35;[0];0;2
912;308;2.217;0;2020-01-13 04:48:35;[0];0;2
913;309;1439.8;0;2020-01-13 04:48:35;[0];0;2
914;310;2.183;0;2020-01-13 04:48:35;[0];0;2
915;311;1439.75;0;2020-01-13 04:48:35;[0];0;2
916;312;0.2;0;2020-01-13 04:48:35;[0];0;2
917;313;3.083;0;2020-01-13 04:48:35;[0];0;2
918;314;1439.9;0;2020-01-13 04:48:35;[0];0;2
919;315;0.967;0;2020-01-13 04:48:35;[0];0;2
920;316;2.317;0;2020-01-13 04:48:35;[0];0;2
921;317;1.867;0;2020-01-13 04:48:35;[0];0;2
922;318;2.817;0;2020-01-13 04:48:35;[0];0;2
923;319;1.683;0;2020-01-13 04:48:35;[0];0;2
925;321;5.75;0;2020-01-13 04:48:35;[0];0;2
982;378;1438.917;0;2020-01-13 04:48:35;[0];0;2
944;340;1.0;0;2020-01-13 04:48:35;[0];0;2
946;342;1.117;0;2020-01-13 04:48:35;[0];0;2
966;362;0.383;0;2020-01-13 04:48:35;[0];0;2
967;363;4.417;0;2020-01-13 04:48:35;[0];0;2
968;364;1.383;0;2020-01-13 04:48:35;[0];0;2
969;365;4.15;0;2020-01-13 04:48:35;[0];0;2
970;366;3.783;0;2020-01-13 04:48:35;[0];0;2
971;367;3.6;0;2020-01-13 04:48:35;[0];0;2
972;368;12.983;0;2020-01-13 04:48:35;[0];0;2
973;369;12.967;0;2020-01-13 04:48:35;[0];0;2
974;370;1438.0;0;2020-01-13 04:48:35;[0];0;2
975;371;15.5;0;2020-01-13 04:48:35;[0];0;2
976;372;3.433;0;2020-01-13 04:48:35;[0];0;2
977;373;5.033;0;2020-01-13 04:48:35;[0];0;2
978;374;3.65;0;2020-01-13 04:48:35;[0];0;2
979;375;5.783;0;2020-01-13 04:48:35;[0];0;2
980;376;10.333;0;2020-01-13 04:48:35;[0];0;2
965;361;4.933;0;2020-01-13 04:48:35;[0];0;2
945;341;1.333;0;2020-01-13 04:48:35;[0];0;2
964;360;1439.4;0;2020-01-13 04:48:35;[0];0;2
962;358;1439.167;0;2020-01-13 04:48:35;[0];0;2
947;343;1439.683;0;2020-01-13 04:48:35;[0];0;2
948;344;1.833;0;2020-01-13 04:48:35;[0];0;2
949;345;3.017;0;2020-01-13 04:48:35;[0];0;2
950;346;1.517;0;2020-01-13 04:48:35;[0];0;2
951;347;1.017;0;2020-01-13 04:48:35;[0];0;2
952;348;2.917;0;2020-01-13 04:48:35;[0];0;2
953;349;0.75;0;2020-01-13 04:48:35;[0];0;2
954;350;5.1;0;2020-01-13 04:48:35;[0];0;2
955;351;1438.0;0;2020-01-13 04:48:35;[0];0;2
956;352;0.883;0;2020-01-13 04:48:35;[0];0;2
957;353;0.55;0;2020-01-13 04:48:35;[0];0;2
958;354;3.8;0;2020-01-13 04:48:35;[0];0;2
959;355;8.333;0;2020-01-13 04:48:35;[0];0;2
960;356;0.883;0;2020-01-13 04:48:35;[0];0;2
961;357;1439.65;0;2020-01-13 04:48:35;[0];0;2
963;359;2.233;0;2020-01-13 04:48:35;[0];0;2
1058;454;2.55;0;2020-01-13 04:48:35;[0];0;2
1133;529;5.167;0;2020-01-13 04:48:35;[0];0;2
1060;456;6.517;0;2020-01-13 04:48:35;[0];0;2
1157;553;1439.567;0;2020-01-13 04:48:35;[0];0;2
1158;554;0.15;0;2020-01-13 04:48:35;[0];0;2
1159;555;0.933;0;2020-01-13 04:48:35;[0];0;2
1160;556;6.533;0;2020-01-13 04:48:35;[0];0;2
1161;557;0.233;0;2020-01-13 04:48:35;[0];0;2
1162;558;8.017;0;2020-01-13 04:48:35;[0];0;2
1156;552;0.267;0;2020-01-13 04:48:35;[0];0;2
1163;559;1439.467;0;2020-01-13 04:48:35;[0];0;2
1165;561;2.15;0;2020-01-13 04:48:35;[0];0;2
1166;562;5.2;0;2020-01-13 04:48:35;[0];0;2
1167;563;1439.533;0;2020-01-13 04:48:35;[0];0;2
1168;564;1439.917;0;2020-01-13 04:48:35;[0];0;2
1169;565;1.317;0;2020-01-13 04:48:35;[0];0;2
1170;566;0.2;0;2020-01-13 04:48:35;[0];0;2
1164;560;1439.217;0;2020-01-13 04:48:35;[0];0;2
1155;551;1439.5;0;2020-01-13 04:48:35;[0];0;2
1154;550;0.033;0;2020-01-13 04:48:35;[0];0;2
1153;549;1439.533;0;2020-01-13 04:48:35;[0];0;2
1138;534;1438.0;0;2020-01-13 04:48:35;[0];0;2
1139;535;1438.1;0;2020-01-13 04:48:35;[0];0;2
1140;536;1438.0;0;2020-01-13 04:48:35;[0];0;2
1141;537;1438.0;0;2020-01-13 04:48:35;[0];0;2
1142;538;1.233;0;2020-01-13 04:48:35;[0];0;2
1143;539;0.517;0;2020-01-13 04:48:35;[0];0;2
1144;540;0.4;0;2020-01-13 04:48:35;[0];0;2
1145;541;0.367;0;2020-01-13 04:48:35;[0];0;2
1146;542;1439.917;0;2020-01-13 04:48:35;[0];0;2
1147;543;0.05;0;2020-01-13 04:48:35;[0];0;2
1148;544;1.983;0;2020-01-13 04:48:35;[0];0;2
1149;545;1439.633;0;2020-01-13 04:48:35;[0];0;2
1150;546;1439.533;0;2020-01-13 04:48:35;[0];0;2
1151;547;1439.3;0;2020-01-13 04:48:35;[0];0;2
1152;548;1439.967;0;2020-01-13 04:48:35;[0];0;2
1171;567;0.533;0;2020-01-13 04:48:35;[0];0;2
1172;568;6.15;0;2020-01-13 04:48:35;[0];0;2
1173;569;1439.95;0;2020-01-13 04:48:35;[0];0;2
1174;570;0.233;0;2020-01-13 04:48:35;[0];0;2
1194;590;9.567;0;2020-01-13 04:48:35;[0];0;2
1195;591;30.883;0;2020-01-13 04:48:35;[0];0;2
1196;592;1439.983;0;2020-01-13 04:48:35;[0];0;2
1197;593;0.067;0;2020-01-13 04:48:35;[0];0;2
1198;594;1439.7;0;2020-01-13 04:48:35;[0];0;2
1199;595;1438.2;0;2020-01-13 04:48:35;[0];0;2
1200;596;1438.2;0;2020-01-13 04:48:35;[0];0;2
1201;597;1438.717;0;2020-01-13 04:48:35;[0];0;2
1202;598;1439.65;0;2020-01-13 04:48:35;[0];0;2
1203;599;4.8;0;2020-01-13 04:48:35;[0];0;2
1204;600;1.75;0;2020-01-13 04:48:35;[0];0;2
1205;601;1.5;0;2020-01-13 04:48:35;[0];0;2
1206;602;6.967;0;2020-01-13 04:48:35;[0];0;2
1207;603;5.95;0;2020-01-13 04:48:35;[0];0;2
1208;604;1.017;0;2020-01-13 04:48:35;[0];0;2
1193;589;3.3;0;2020-01-13 04:48:35;[0];0;2
1137;533;1438.0;0;2020-01-13 04:48:35;[0];0;2
1192;588;5.017;0;2020-01-13 04:48:35;[0];0;2
1190;586;0.967;0;2020-01-13 04:48:35;[0];0;2
1175;571;1.483;0;2020-01-13 04:48:35;[0];0;2
1176;572;3.5;0;2020-01-13 04:48:35;[0];0;2
1177;573;0.533;0;2020-01-13 04:48:35;[0];0;2
1178;574;5.9;0;2020-01-13 04:48:35;[0];0;2
1179;575;0.05;0;2020-01-13 04:48:35;[0];0;2
1180;576;1.783;0;2020-01-13 04:48:35;[0];0;2
1181;577;0.833;0;2020-01-13 04:48:35;[0];0;2
1182;578;3.7;0;2020-01-13 04:48:35;[0];0;2
1183;579;3.2;0;2020-01-13 04:48:35;[0];0;2
1184;580;15.267;0;2020-01-13 04:48:35;[0];0;2
1185;581;4.283;0;2020-01-13 04:48:35;[0];0;2
1186;582;2.083;0;2020-01-13 04:48:35;[0];0;2
1187;583;1.65;0;2020-01-13 04:48:35;[0];0;2
1188;584;2.667;0;2020-01-13 04:48:35;[0];0;2
1189;585;3.35;0;2020-01-13 04:48:35;[0];0;2
1191;587;2.283;0;2020-01-13 04:48:35;[0];0;2
1136;532;11.567;0;2020-01-13 04:48:35;[0];0;2
1135;531;2.25;0;2020-01-13 04:48:35;[0];0;2
1134;530;12.817;0;2020-01-13 04:48:35;[0];0;2
1080;476;1439.9;0;2020-01-13 04:48:35;[0];0;2
1081;477;1439.017;0;2020-01-13 04:48:35;[0];0;2
1082;478;1439.267;0;2020-01-13 04:48:35;[0];0;2
1083;479;1439.017;0;2020-01-13 04:48:35;[0];0;2
1084;480;1438.917;0;2020-01-13 04:48:35;[0];0;2
1085;481;1439.533;0;2020-01-13 04:48:35;[0];0;2
1086;482;1439.25;0;2020-01-13 04:48:35;[0];0;2
1087;483;1439.883;0;2020-01-13 04:48:35;[0];0;2
1088;484;0.15;0;2020-01-13 04:48:35;[0];0;2
1089;485;1.083;0;2020-01-13 04:48:35;[0];0;2
1090;486;9.267;0;2020-01-13 04:48:35;[0];0;2
1091;487;2.883;0;2020-01-13 04:48:35;[0];0;2
1092;488;0.783;0;2020-01-13 04:48:35;[0];0;2
1093;489;0.3;0;2020-01-13 04:48:35;[0];0;2
1094;490;0.35;0;2020-01-13 04:48:35;[0];0;2
1079;475;1439.833;0;2020-01-13 04:48:35;[0];0;2
1095;491;1439.9;0;2020-01-13 04:48:35;[0];0;2
1078;474;1439.267;0;2020-01-13 04:48:35;[0];0;2
1076;472;1438.883;0;2020-01-13 04:48:35;[0];0;2
1061;457;1.883;0;2020-01-13 04:48:35;[0];0;2
1062;458;1439.917;0;2020-01-13 04:48:35;[0];0;2
1063;459;1439.367;0;2020-01-13 04:48:35;[0];0;2
1064;460;0.167;0;2020-01-13 04:48:35;[0];0;2
1065;461;1439.3;0;2020-01-13 04:48:35;[0];0;2
1066;462;1439.7;0;2020-01-13 04:48:35;[0];0;2
1067;463;0.583;0;2020-01-13 04:48:35;[0];0;2
1068;464;2.067;0;2020-01-13 04:48:35;[0];0;2
1069;465;6.95;0;2020-01-13 04:48:35;[0];0;2
1070;466;0.633;0;2020-01-13 04:48:35;[0];0;2
1071;467;1439.65;0;2020-01-13 04:48:35;[0];0;2
1072;468;1439.15;0;2020-01-13 04:48:35;[0];0;2
1073;469;1439.883;0;2020-01-13 04:48:35;[0];0;2
1074;470;1439.533;0;2020-01-13 04:48:35;[0];0;2
1075;471;1439.65;0;2020-01-13 04:48:35;[0];0;2
1077;473;1439.567;0;2020-01-13 04:48:35;[0];0;2
1059;455;0.817;0;2020-01-13 04:48:35;[0];0;2
1096;492;1439.367;0;2020-01-13 04:48:35;[0];0;2
1098;494;0.883;0;2020-01-13 04:48:35;[0];0;2
1118;514;19.0;0;2020-01-13 04:48:35;[0];0;2
1119;515;3.117;0;2020-01-13 04:48:35;[0];0;2
1120;516;3.0;0;2020-01-13 04:48:35;[0];0;2
1121;517;28.45;0;2020-01-13 04:48:35;[0];0;2
1122;518;10.65;0;2020-01-13 04:48:35;[0];0;2
1123;519;25.917;0;2020-01-13 04:48:35;[0];0;2
1124;520;49.733;0;2020-01-13 04:48:35;[0];0;2
1125;521;1439.95;0;2020-01-13 04:48:35;[0];0;2
1126;522;1439.35;0;2020-01-13 04:48:35;[0];0;2
1127;523;4.333;0;2020-01-13 04:48:35;[0];0;2
1128;524;1438.0;0;2020-01-13 04:48:35;[0];0;2
1129;525;1.533;0;2020-01-13 04:48:35;[0];0;2
1130;526;1438.0;0;2020-01-13 04:48:35;[0];0;2
1131;527;1439.517;0;2020-01-13 04:48:35;[0];0;2
1132;528;12.933;0;2020-01-13 04:48:35;[0];0;2
1117;513;22.067;0;2020-01-13 04:48:35;[0];0;2
1097;493;6.3;0;2020-01-13 04:48:35;[0];0;2
1116;512;30.033;0;2020-01-13 04:48:35;[0];0;2
1114;510;18.95;0;2020-01-13 04:48:35;[0];0;2
1099;495;1439.367;0;2020-01-13 04:48:35;[0];0;2
1100;496;18.817;0;2020-01-13 04:48:35;[0];0;2
1101;497;1439.417;0;2020-01-13 04:48:35;[0];0;2
1102;498;1439.05;0;2020-01-13 04:48:35;[0];0;2
1103;499;15.15;0;2020-01-13 04:48:35;[0];0;2
1104;500;6.517;0;2020-01-13 04:48:35;[0];0;2
1105;501;6.183;0;2020-01-13 04:48:35;[0];0;2
1106;502;4.633;0;2020-01-13 04:48:35;[0];0;2
1107;503;7.883;0;2020-01-13 04:48:35;[0];0;2
1108;504;2.483;0;2020-01-13 04:48:35;[0];0;2
1109;505;21.117;0;2020-01-13 04:48:35;[0];0;2
1110;506;0.6;0;2020-01-13 04:48:35;[0];0;2
1111;507;0.867;0;2020-01-13 04:48:35;[0];0;2
1112;508;0.8;0;2020-01-13 04:48:35;[0];0;2
1113;509;1.183;0;2020-01-13 04:48:35;[0];0;2
1115;511;25.383;0;2020-01-13 04:48:35;[0];0;2
907;303;3.267;0;2020-01-13 04:48:35;[0];0;2
1057;453;0.667;0;2020-01-13 04:48:35;[0];0;2
905;301;0.95;0;2020-01-13 04:48:35;[0];0;2
701;97;0.367;0;2020-01-13 04:48:35;[0];0;2
702;98;2.767;0;2020-01-13 04:48:35;[0];0;2
703;99;1439.75;0;2020-01-13 04:48:35;[1];1;2
704;100;1.733;0;2020-01-13 04:48:35;[1];1;2
705;101;1439.15;0;2020-01-13 04:48:35;[0];0;2
706;102;1439.8;0;2020-01-13 04:48:35;[0];0;2
707;103;0.067;0;2020-01-13 04:48:35;[1];1;2
708;104;2.833;0;2020-01-13 04:48:35;[1];1;2
709;105;1439.667;0;2020-01-13 04:48:35;[0];0;2
710;106;1.1;0;2020-01-13 04:48:35;[1];1;2
711;107;1439.167;0;2020-01-13 04:48:35;[1];1;2
712;108;0.383;0;2020-01-13 04:48:35;[1];1;2
713;109;1438.533;0;2020-01-13 04:48:35;[0];0;2
714;110;0.417;0;2020-01-13 04:48:35;[0];0;2
715;111;1438.933;0;2020-01-13 04:48:35;[1];1;2
700;96;0.867;0;2020-01-13 04:48:35;[1];1;2
716;112;1439.483;0;2020-01-13 04:48:35;[0];0;2
699;95;1439.45;0;2020-01-13 04:48:35;[1];1;2
697;93;1439.133;0;2020-01-13 04:48:35;[1];1;2
682;78;1439.15;0;2020-01-13 04:48:35;[1];1;2
683;79;1439.417;0;2020-01-13 04:48:35;[1];1;2
684;80;1439.333;0;2020-01-13 04:48:35;[1];1;2
685;81;0.55;0;2020-01-13 04:48:35;[1];1;2
686;82;0.167;0;2020-01-13 04:48:35;[1];1;2
687;83;2.95;0;2020-01-13 04:48:35;[1];1;2
688;84;25.0;0;2020-01-13 04:48:35;[1];1;2
689;85;0.15;0;2020-01-13 04:48:35;[1];1;2
690;86;0.017;0;2020-01-13 04:48:35;[1];1;2
691;87;0.217;0;2020-01-13 04:48:35;[0];0;2
692;88;1439.667;0;2020-01-13 04:48:35;[1];1;2
693;89;1439.75;0;2020-01-13 04:48:35;[1];1;2
694;90;1438.583;0;2020-01-13 04:48:35;[1];1;2
695;91;1438.833;0;2020-01-13 04:48:35;[1];1;2
696;92;1439.133;0;2020-01-13 04:48:35;[1];1;2
698;94;1439.85;0;2020-01-13 04:48:35;[1];1;2
681;77;1438.8;0;2020-01-13 04:48:35;[1];1;2
717;113;1439.567;0;2020-01-13 04:48:35;[0];0;2
719;115;0.433;0;2020-01-13 04:48:35;[0];0;2
739;135;0.983;0;2020-01-13 04:48:35;[1];1;2
740;136;0.733;0;2020-01-13 04:48:35;[1];1;2
741;137;16.283;0;2020-01-13 04:48:35;[0];0;2
742;138;10.367;0;2020-01-13 04:48:35;[0];0;2
743;139;2.283;0;2020-01-13 04:48:35;[0];0;2
744;140;0.8;0;2020-01-13 04:48:35;[1];1;2
745;141;0.117;0;2020-01-13 04:48:35;[1];1;2
746;142;3.033;0;2020-01-13 04:48:35;[1];1;2
747;143;1439.717;0;2020-01-13 04:48:35;[0];0;2
748;144;6.2;0;2020-01-13 04:48:35;[1];1;2
749;145;7.267;0;2020-01-13 04:48:35;[1];1;2
750;146;1.7;0;2020-01-13 04:48:35;[1];1;2
751;147;0.883;0;2020-01-13 04:48:35;[1];1;2
752;148;0.133;0;2020-01-13 04:48:35;[1];1;2
753;149;0.467;0;2020-01-13 04:48:35;[1];1;2
738;134;22.883;0;2020-01-13 04:48:35;[1];1;2
718;114;0.567;0;2020-01-13 04:48:35;[0];0;2
737;133;2.867;0;2020-01-13 04:48:35;[1];1;2
735;131;0.617;0;2020-01-13 04:48:35;[1];1;2
720;116;2.1;0;2020-01-13 04:48:35;[0];0;2
721;117;1.25;0;2020-01-13 04:48:35;[0];0;2
722;118;2.483;0;2020-01-13 04:48:35;[1];1;2
723;119;1.633;0;2020-01-13 04:48:35;[1];1;2
724;120;2.35;0;2020-01-13 04:48:35;[1];1;2
725;121;1.683;0;2020-01-13 04:48:35;[1];1;2
726;122;1438.917;0;2020-01-13 04:48:35;[0];0;2
727;123;1439.817;0;2020-01-13 04:48:35;[0];0;2
728;124;0.55;0;2020-01-13 04:48:35;[0];0;2
729;125;1.3;0;2020-01-13 04:48:35;[0];0;2
730;126;1439.867;0;2020-01-13 04:48:35;[0];0;2
731;127;1.25;0;2020-01-13 04:48:35;[0];0;2
732;128;0.583;0;2020-01-13 04:48:35;[0];0;2
733;129;4.983;0;2020-01-13 04:48:35;[0];0;2
734;130;1.167;0;2020-01-13 04:48:35;[1];1;2
736;132;31.267;0;2020-01-13 04:48:35;[1];1;2
754;150;0.733;0;2020-01-13 04:48:35;[1];1;2
680;76;0.65;0;2020-01-13 04:48:35;[0];0;2
678;74;3.0;0;2020-01-13 04:48:35;[0];0;2
625;21;1438.867;0;2020-01-13 04:48:35;[0];0;2
626;22;1438.883;0;2020-01-13 04:48:35;[0];0;2
627;23;1439.083;0;2020-01-13 04:48:35;[0];0;2
628;24;0.083;0;2020-01-13 04:48:35;[0];0;2
629;25;2.133;0;2020-01-13 04:48:35;[0];0;2
630;26;1.417;0;2020-01-13 04:48:35;[0];0;2
631;27;0.783;0;2020-01-13 04:48:35;[0];0;2
632;28;1439.867;0;2020-01-13 04:48:35;[0];0;2
633;29;0.1;0;2020-01-13 04:48:35;[0];0;2
634;30;1.35;0;2020-01-13 04:48:35;[0];0;2
635;31;0.267;0;2020-01-13 04:48:35;[0];0;2
636;32;1439.483;0;2020-01-13 04:48:35;[0];0;2
637;33;3.083;0;2020-01-13 04:48:35;[0];0;2
638;34;3.9;0;2020-01-13 04:48:35;[0];0;2
639;35;5.333;0;2020-01-13 04:48:35;[0];0;2
624;20;0.817;0;2020-01-13 04:48:35;[0];0;2
640;36;0.383;0;2020-01-13 04:48:35;[0];0;2
623;19;4.767;0;2020-01-13 04:48:35;[0];0;2
621;17;1439.583;0;2020-01-13 04:48:35;[0];0;2
606;2;1439.1;0;2020-01-13 04:48:35;[0];0;2
607;3;2.367;0;2020-01-13 04:48:35;[0];0;2
608;4;0.35;0;2020-01-13 04:48:35;[0];0;2
609;5;0.383;0;2020-01-13 04:48:35;[0];0;2
610;6;0.033;0;2020-01-13 04:48:35;[0];0;2
611;7;1.683;0;2020-01-13 04:48:35;[0];0;2
612;8;1.95;0;2020-01-13 04:48:35;[0];0;2
613;9;1439.567;0;2020-01-13 04:48:35;[0];0;2
614;10;1438.983;0;2020-01-13 04:48:35;[0];0;2
615;11;1439.15;0;2020-01-13 04:48:35;[0];0;2
616;12;1439.15;0;2020-01-13 04:48:35;[0];0;2
617;13;1438.9;0;2020-01-13 04:48:35;[0];0;2
618;14;2.283;0;2020-01-13 04:48:35;[0];0;2
619;15;1439.433;0;2020-01-13 04:48:35;[0];0;2
620;16;2.817;0;2020-01-13 04:48:35;[0];0;2
622;18;4.4;0;2020-01-13 04:48:35;[0];0;2
679;75;3.1;0;2020-01-13 04:48:35;[0];0;2
641;37;31.75;0;2020-01-13 04:48:35;[1];1;2
643;39;2.383;0;2020-01-13 04:48:35;[0];0;2
663;59;1438.883;0;2020-01-13 04:48:35;[0];0;2
664;60;1439.567;0;2020-01-13 04:48:35;[0];0;2
665;61;0.05;0;2020-01-13 04:48:35;[1];1;2
666;62;2.9;0;2020-01-13 04:48:35;[0];0;2
667;63;0.067;0;2020-01-13 04:48:35;[0];0;2
668;64;20.9;0;2020-01-13 04:48:35;[0];0;2
669;65;11.283;0;2020-01-13 04:48:35;[0];0;2
670;66;11.133;0;2020-01-13 04:48:35;[0];0;2
671;67;9.2;0;2020-01-13 04:48:35;[0];0;2
672;68;1439.733;0;2020-01-13 04:48:35;[1];1;2
673;69;1439.533;0;2020-01-13 04:48:35;[0];0;2
674;70;1439.85;0;2020-01-13 04:48:35;[1];1;2
675;71;11.85;0;2020-01-13 04:48:35;[0];0;2
676;72;0.8;0;2020-01-13 04:48:35;[1];1;2
677;73;0.433;0;2020-01-13 04:48:35;[0];0;2
662;58;1439.533;0;2020-01-13 04:48:35;[0];0;2
642;38;2.633;0;2020-01-13 04:48:35;[1];1;2
661;57;2.617;0;2020-01-13 04:48:35;[0];0;2
659;55;0.05;0;2020-01-13 04:48:35;[0];0;2
644;40;10.217;0;2020-01-13 04:48:35;[0];0;2
645;41;4.25;0;2020-01-13 04:48:35;[0];0;2
646;42;4.45;0;2020-01-13 04:48:35;[0];0;2
647;43;1439.0;0;2020-01-13 04:48:35;[0];0;2
648;44;1.317;0;2020-01-13 04:48:35;[0];0;2
649;45;0.933;0;2020-01-13 04:48:35;[0];0;2
650;46;1.6;0;2020-01-13 04:48:35;[0];0;2
651;47;1439.117;0;2020-01-13 04:48:35;[1];1;2
652;48;0.6;0;2020-01-13 04:48:35;[1];1;2
653;49;3.5;0;2020-01-13 04:48:35;[1];1;2
654;50;2.967;0;2020-01-13 04:48:35;[1];1;2
655;51;1438.867;0;2020-01-13 04:48:35;[0];0;2
656;52;1.617;0;2020-01-13 04:48:35;[1];1;2
657;53;0.05;0;2020-01-13 04:48:35;[1];1;2
658;54;1439.45;0;2020-01-13 04:48:35;[0];0;2
660;56;1438.983;0;2020-01-13 04:48:35;[0];0;2
755;151;1439.467;0;2020-01-13 04:48:35;[1];1;2
605;1;2.317;0;2020-01-13 04:48:35;[0];0;2
756;152;1.3;0;2020-01-13 04:48:35;[1];1;2
852;248;1.5;0;2020-01-13 04:48:35;[0];0;2
853;249;1439.733;0;2020-01-13 04:48:35;[1];1;2
854;250;1439.3;0;2020-01-13 04:48:35;[1];1;2
855;251;2.25;0;2020-01-13 04:48:35;[1];1;2
856;252;1439.75;0;2020-01-13 04:48:35;[1];1;2
857;253;1438.8;0;2020-01-13 04:48:35;[1];1;2
858;254;1439.067;0;2020-01-13 04:48:35;[1];1;2
859;255;1439.217;0;2020-01-13 04:48:35;[1];1;2
860;256;1.983;0;2020-01-13 04:48:35;[1];1;2
861;257;0.883;0;2020-01-13 04:48:35;[1];1;2
862;258;1.017;0;2020-01-13 04:48:35;[1];1;2
863;259;0.817;0;2020-01-13 04:48:35;[1];1;2
864;260;1.9;0;2020-01-13 04:48:35;[1];1;2
865;261;2.233;0;2020-01-13 04:48:35;[1];1;2
866;262;1439.983;0;2020-01-13 04:48:35;[1];1;2
851;247;1439.633;0;2020-01-13 04:48:35;[1];1;2
867;263;0.05;0;2020-01-13 04:48:35;[0];0;2
850;246;1439.283;0;2020-01-13 04:48:35;[1];1;2
848;244;1439.65;0;2020-01-13 04:48:35;[1];1;2
833;229;0.533;0;2020-01-13 04:48:35;[1];1;2
834;230;0.583;0;2020-01-13 04:48:35;[1];1;2
835;231;0.8;0;2020-01-13 04:48:35;[1];1;2
836;232;1.333;0;2020-01-13 04:48:35;[1];1;2
837;233;0.033;0;2020-01-13 04:48:35;[1];1;2
838;234;1439.517;0;2020-01-13 04:48:35;[1];1;2
839;235;1439.5;0;2020-01-13 04:48:35;[1];1;2
840;236;0.8;0;2020-01-13 04:48:35;[1];1;2
841;237;0.633;0;2020-01-13 04:48:35;[1];1;2
842;238;0.233;0;2020-01-13 04:48:35;[0];0;2
843;239;0.75;0;2020-01-13 04:48:35;[1];1;2
844;240;5.0;0;2020-01-13 04:48:35;[1];1;2
845;241;5.017;0;2020-01-13 04:48:35;[1];1;2
846;242;1.2;0;2020-01-13 04:48:35;[1];1;2
847;243;1439.317;0;2020-01-13 04:48:35;[0];0;2
849;245;1.567;0;2020-01-13 04:48:35;[1];1;2
832;228;1.267;0;2020-01-13 04:48:35;[1];1;2
868;264;0.817;0;2020-01-13 04:48:35;[0];0;2
870;266;1439.633;0;2020-01-13 04:48:35;[0];0;2
890;286;0.033;0;2020-01-13 04:48:35;[0];0;2
891;287;1.583;0;2020-01-13 04:48:35;[0];0;2
892;288;1439.467;0;2020-01-13 04:48:35;[0];0;2
893;289;16.45;0;2020-01-13 04:48:35;[0];0;2
894;290;4.417;0;2020-01-13 04:48:35;[0];0;2
895;291;8.25;0;2020-01-13 04:48:35;[0];0;2
896;292;1439.367;0;2020-01-13 04:48:35;[0];0;2
897;293;1439.767;0;2020-01-13 04:48:35;[0];0;2
898;294;1439.867;0;2020-01-13 04:48:35;[0];0;2
899;295;1439.117;0;2020-01-13 04:48:35;[0];0;2
900;296;0.317;0;2020-01-13 04:48:35;[0];0;2
901;297;1439.717;0;2020-01-13 04:48:35;[0];0;2
902;298;13.517;0;2020-01-13 04:48:35;[0];0;2
903;299;6.833;0;2020-01-13 04:48:35;[0];0;2
904;300;0.05;0;2020-01-13 04:48:35;[0];0;2
889;285;1.35;0;2020-01-13 04:48:35;[0];0;2
869;265;0.7;0;2020-01-13 04:48:35;[0];0;2
888;284;1438.0;0;2020-01-13 04:48:35;[0];0;2
886;282;0.85;0;2020-01-13 04:48:35;[0];0;2
871;267;0.1;0;2020-01-13 04:48:35;[0];0;2
872;268;1439.983;0;2020-01-13 04:48:35;[1];1;2
873;269;2.967;0;2020-01-13 04:48:35;[0];0;2
874;270;1438.0;0;2020-01-13 04:48:35;[0];0;2
875;271;1.9;0;2020-01-13 04:48:35;[0];0;2
876;272;1439.45;0;2020-01-13 04:48:35;[0];0;2
877;273;0.217;0;2020-01-13 04:48:35;[1];1;2
878;274;2.933;0;2020-01-13 04:48:35;[1];1;2
879;275;1439.667;0;2020-01-13 04:48:35;[1];1;2
880;276;1439.683;0;2020-01-13 04:48:35;[1];1;2
881;277;3.1;0;2020-01-13 04:48:35;[1];1;2
882;278;1.317;0;2020-01-13 04:48:35;[1];1;2
883;279;4.133;0;2020-01-13 04:48:35;[0];0;2
884;280;1439.417;0;2020-01-13 04:48:35;[0];0;2
885;281;1.117;0;2020-01-13 04:48:35;[0];0;2
887;283;1.9;0;2020-01-13 04:48:35;[0];0;2
831;227;0.617;0;2020-01-13 04:48:35;[1];1;2
906;302;6.183;0;2020-01-13 04:48:35;[0];0;2
829;225;0.717;0;2020-01-13 04:48:35;[1];1;2
776;172;1.1;0;2020-01-13 04:48:35;[1];1;2
777;173;0.0;0;2020-01-13 04:48:35;[0];0;2
778;174;1439.967;0;2020-01-13 04:48:35;[0];0;2
779;175;0.35;0;2020-01-13 04:48:35;[0];0;2
780;176;0.717;0;2020-01-13 04:48:35;[0];0;2
781;177;1.317;0;2020-01-13 04:48:35;[1];1;2
782;178;10.65;0;2020-01-13 04:48:35;[0];0;2
783;179;0.083;0;2020-01-13 04:48:35;[0];0;2
784;180;1439.967;0;2020-01-13 04:48:35;[0];0;2
785;181;0.633;0;2020-01-13 04:48:35;[0];0;2
786;182;1.233;0;2020-01-13 04:48:35;[0];0;2
787;183;0.033;0;2020-01-13 04:48:35;[0];0;2
788;184;0.133;0;2020-01-13 04:48:35;[0];0;2
789;185;0.0;0;2020-01-13 04:48:35;[0];0;2
790;186;1439.933;0;2020-01-13 04:48:35;[0];0;2
830;226;5.25;0;2020-01-13 04:48:35;[1];1;2
791;187;0.333;0;2020-01-13 04:48:35;[0];0;2
774;170;1439.733;0;2020-01-13 04:48:35;[0];0;2
772;168;1438.967;0;2020-01-13 04:48:35;[0];0;2
757;153;0.967;0;2020-01-13 04:48:35;[1];1;2
758;154;1.6;0;2020-01-13 04:48:35;[1];1;2
759;155;0.467;0;2020-01-13 04:48:35;[0];0;2
760;156;2.133;0;2020-01-13 04:48:35;[1];1;2
761;157;1439.483;0;2020-01-13 04:48:35;[1];1;2
762;158;0.5;0;2020-01-13 04:48:35;[0];0;2
763;159;0.467;0;2020-01-13 04:48:35;[0];0;2
764;160;1439.083;0;2020-01-13 04:48:35;[1];1;2
765;161;0.467;0;2020-01-13 04:48:35;[0];0;2
766;162;0.033;0;2020-01-13 04:48:35;[1];1;2
767;163;1439.3;0;2020-01-13 04:48:35;[0];0;2
768;164;9.317;0;2020-01-13 04:48:35;[0];0;2
769;165;1439.483;0;2020-01-13 04:48:35;[0];0;2
770;166;0.233;0;2020-01-13 04:48:35;[0];0;2
771;167;0.183;0;2020-01-13 04:48:35;[1];1;2
773;169;3.35;0;2020-01-13 04:48:35;[0];0;2
792;188;0.533;0;2020-01-13 04:48:35;[0];0;2
775;171;1439.467;0;2020-01-13 04:48:35;[0];0;2
794;190;1439.0;0;2020-01-13 04:48:35;[1];1;2
814;210;4.017;0;2020-01-13 04:48:35;[1];1;2
815;211;1.717;0;2020-01-13 04:48:35;[0];0;2
816;212;1439.517;0;2020-01-13 04:48:35;[0];0;2
817;213;0.15;0;2020-01-13 04:48:35;[0];0;2
818;214;0.567;0;2020-01-13 04:48:35;[0];0;2
820;216;1439.917;0;2020-01-13 04:48:35;[0];0;2
821;217;1439.817;0;2020-01-13 04:48:35;[0];0;2
822;218;1438.85;0;2020-01-13 04:48:35;[0];0;2
823;219;1.4;0;2020-01-13 04:48:35;[1];1;2
824;220;2.367;0;2020-01-13 04:48:35;[1];1;2
825;221;0.167;0;2020-01-13 04:48:35;[1];1;2
826;222;0.733;0;2020-01-13 04:48:35;[1];1;2
827;223;0.683;0;2020-01-13 04:48:35;[1];1;2
828;224;0.7;0;2020-01-13 04:48:35;[1];1;2
793;189;0.867;0;2020-01-13 04:48:35;[0];0;2
813;209;1.617;0;2020-01-13 04:48:35;[1];1;2
812;208;1.067;0;2020-01-13 04:48:35;[1];1;2
819;215;0.867;0;2020-01-13 04:48:35;[0];0;2
810;206;3.8;0;2020-01-13 04:48:35;[1];1;2
811;207;0.35;0;2020-01-13 04:48:35;[0];0;2
796;192;1.35;0;2020-01-13 04:48:35;[0];0;2
797;193;4.883;0;2020-01-13 04:48:35;[0];0;2
798;194;0.4;0;2020-01-13 04:48:35;[1];1;2
799;195;0.483;0;2020-01-13 04:48:35;[0];0;2
800;196;1438.85;0;2020-01-13 04:48:35;[0];0;2
801;197;1438.717;0;2020-01-13 04:48:35;[0];0;2
802;198;1438.0;0;2020-01-13 04:48:35;[0];0;2
795;191;0.567;0;2020-01-13 04:48:35;[0];0;2
804;200;1439.1;0;2020-01-13 04:48:35;[1];1;2
805;201;1.267;0;2020-01-13 04:48:35;[1];1;2
806;202;1439.4;0;2020-01-13 04:48:35;[0];0;2
807;203;1439.617;0;2020-01-13 04:48:35;[1];1;2
808;204;4.85;0;2020-01-13 04:48:35;[1];1;2
809;205;2.15;0;2020-01-13 04:48:35;[0];0;2
803;199;0.417;0;2020-01-13 04:48:35;[0];0;2
